country,1946,1947,1948,1949,1950,1951,1952,1953,1954,1955,1956,1957,1958,1959,1960,1961,1962,1963,1964,1965,1966,1967,1968,1969,1970,1971,1972,1973,1974,1975,1976,1977,1978,1979,1980,1981,1982,1983,1984,1985,1986,1987,1988,1989,1990,1991,1992,1993,1994,1995,1996,1997,1998,1999,2000,2001,2002,2003,2004,2005,2006,2007,2008,2009,2010,2011,2012,2013,2014,2015,2016,2017,2018,2019
Aruba,,,,,,,,,,,,,,,,,,,,,,,,,,,,,,,,,,,,,,,,,,,,,6.08,,,6.45,,,7.45,,,6.92,6.9,,,,,,5.71,,,10.6,8.9,,,,,,,,,
Afghanistan,,,,,,,,,,,,,,,,,,,,,,,,,,,,,,,,,,,,,,,,,,,,,,,,,,,,,,,,,,,,,,2.49,,,,1.69,,7.91,,,11.2,,,11.7
Angola,,,,,,,,,,,,,,,,,,,,,,,,,,,,,,,,,,,,,,14.2,14.9,18.9,,,,,,,,,,,,,,,,,,23.6,,,,,3.78,9.43,7.36,,,9.58,,,,,,
Anguilla,,,,,,,,,,,,,,,,,,,,,,,,,,,,40,,,,,,,,,,26.2,,,,,,,,,,,,,,,,,6.56,7.8,,,,,,,,,,,,,,,,,,
Albania,,,,,,,,,,,,,,,,,,,,,,,,,,,,,,,,,,5.6,5.1,3.6,4.4,5.7,6.7,6.4,6.1,7,7.3,9.5,9.1,26.5,22.3,18.4,12.9,12.3,14.9,17.7,18.4,16.8,16.4,15.8,15,14.4,14.1,13.8,16,13.1,13.7,14.1,13.5,13.4,15.9,18.1,17.2,15.4,13.6,12.3,11.5,
Netherlands Antilles,,,,,,,,,,,,,,,,,,,,,,,,,,,,,,,,,,,,,,11.7,12.5,23,,23.2,20.5,17.2,14.5,13.9,13.6,12.8,13.1,14,15.3,16.2,,14,,15.6,15.1,16.1,18.2,14.7,12.4,10.6,9.62,,9.78,,13,,,,,,,
United Arab Emirates,,,,,,,,,,,,,,,,,,,,,,,,,,,,,1.96,,,,,,,,,,1.15,,,,,,,,,,1.8,,,,,2.25,,,,,3.12,,,,,,,,,,,1.64,2.46,,2.23,
Argentina,,,,,,,,,,,,,,,,,,,,,,,,4.8,6,6.6,5.6,3.4,2.3,4.5,2.8,2.8,2,2.3,4.5,4.73,4.17,3.54,5.3,4.4,5.3,6,7.3,7.06,5.44,6.36,10.1,11.8,18.8,17.1,14.8,12.7,14.1,15,17.3,19.6,15.4,13.5,11.5,10.1,8.47,7.84,8.65,7.71,7.18,7.22,7.1,7.27,,,8.35,9.22,9.84,11.5
Armenia,,,,,,,,,,,,,,,,,,,,,,,,,,,,,,,,,,,,,,,,,,,,,,1.8,5.3,6.6,6.7,9.3,10.8,9.4,11.2,,,,,,,,9.81,23,18.4,19,18.4,17.3,16.2,17.5,18.3,17.6,17.7,19,18.3,
American Samoa,,,,,,,,,,,,,,,,,,,,,,,,,,,,13,17.2,19.1,14.9,13.8,14.3,12.4,12.6,12.8,13,13.1,13.3,13.4,,,,5.11,,,,,,,,,,5.05,,,,,9.98,,,,,9.2,,,,,,,,,,
Antigua and Barbuda,,,,,,,,,,,,,,,,,,,,,,,,,,,20.5,19.5,19.4,20.7,,,,,,,,,,,,,,,6,,,,,,,,,,8.42,,,,,,,,,,,,,,,,,,,
Australia,,,,,,,,,,,,,,,,,,,,,,,,,,,,,,,,,6.26,6.11,5.78,7.16,9.96,8.99,8.26,8.08,8.11,7.23,6.18,6.93,9.58,10.7,10.9,9.72,8.47,8.51,8.36,7.68,6.87,6.28,6.74,6.37,5.93,5.39,5.03,4.78,4.38,4.23,5.56,5.21,5.08,5.22,5.66,6.08,6.05,5.71,5.59,5.3,5.16,6.46
Austria,,,,,,,,,,,,,,,,,,,,,,,2.8,2.4,1.5,1.3,1.2,1.3,2,2,1.8,2.1,2,1.9,2.06,3.35,4.11,3.8,3.6,3.12,3.79,3.55,3.14,3.25,3.42,3.59,4.25,3.54,4.35,5.28,5.15,5.52,4.7,4.69,4.01,4.85,4.78,5.83,5.63,5.24,4.86,4.13,5.3,4.82,4.56,4.87,5.33,5.62,5.72,6.01,5.5,4.85,4.49,5.36
Azerbaijan,,,,,,,,,,,,,,,,,,,,,,,,,,,,,,,,,,,,,,,,,,,,,0.11,0.17,0.52,0.65,0.8,0.9,1.03,1.13,16.3,11.8,10.9,10,9.17,7.99,7.26,6.62,6.33,5.86,5.74,5.63,5.42,5.19,4.97,4.91,4.96,5,5,4.9,4.85,
Burundi,,,,,,,,,,,,,,,,,,,,,,,,,,,,,,,,,,,,,,,,,,,,0.48,,,,,,,,,14,,,,,,,,,1.63,,,,,,1.57,,,,,,
Belgium,,,,,,,,,,,,,,,,,,,,,,,,,2.1,2.7,2.8,3,5.1,6.5,5.67,7.9,6.96,9.1,11.3,13,11.7,11.9,11.3,11.3,11.3,10.1,8.28,7.25,6.99,6.7,8.08,9.65,9.34,9.48,8.96,9.32,8.65,6.59,6.18,6.91,7.68,7.36,8.44,8.25,7.46,6.98,7.91,8.29,7.14,7.54,8.43,8.52,8.48,7.83,7.09,5.95,5.36,5.55
Benin,,,,,,,,,,,,,,,,,,,,,,,,,,,,,,,,,,,,,,,,0.18,,,,,,1.51,,,,,,,,,,0.69,,,,,,,,1.04,2.65,,,,,,,1.47,,
Burkina Faso,,,,,,,,,,,,,,,,,,,,,,,,,,,,,,,,,,,,,,,1.3,,,,,,,,,2.58,,,,2.44,,,,,2.78,,4,,3.3,,,,,,,6.48,,,,4.69,,
Bangladesh,,,,,,,,,,,,,,,,,,,,,,,,,,,,,,,,,,,,,,2.04,2.02,0.96,,,0.92,,2.2,,,,,2.51,,,,3.27,,,4.32,,4.25,3.59,,,5,3.38,,,4.43,,,4.35,4.37,,,
Bulgaria,,,,,,,,,,,,,,,,,,,,,,,,,,,,,,,,,,,,,,,,,,,,1.7,11.1,15.3,16.4,12.8,11.1,12.5,13.7,12.2,14.1,16.2,19.9,18.1,13.7,12,10.1,8.95,6.88,5.61,6.82,10.3,11.3,12.3,12.9,11.4,9.14,7.57,6.16,5.21,4.23,5.12
Bahrain,,,,,,,,,,,,,,,,,,,,,,,,,,,,,,,,,,,3.1,,,,,,,,,,,,,,,,,,,,,,,,,,5.6,3.7,4,1.13,4,1.2,,,,,,,,
Bahamas,,,,,,,,,,,,,,,,,,,,,,,,,,,8.6,,21.2,,20.9,,14.7,,,,,,,12.1,,11,11.6,7.77,12.2,14.8,12.7,13.8,10.8,11.5,9.76,7.65,7.45,,6.87,9.05,10.8,10.2,10.2,7.54,7.88,8.18,14.3,,14.5,14,16.2,13.8,12,12.7,9.8,10,,
Bosnia and Herzegovina,,,,,,,,,,,,,,,,,,,,,,,,,,,,,,,,,,,,,,,,,,,,,17.6,,,,,,,,,,,,,,,31.1,29,23.4,24.1,27.3,27.6,28,27.5,27.5,27.7,25.4,20.5,18.4,15.7,15.9
Belarus,,,,,,,,,,,,,,,,,,,,,,,,,,,,,,,,,,,,,,,,,,,,,0.05,0.5,1.4,2.1,2.9,4,2.8,2.3,2.1,2.1,2.3,3,3.1,1.9,1.5,1.2,1,0.8,6.1,,0.6,0.5,0.5,0.5,1,5.84,5.65,4.76,4.16,4.13
Belize,,,,,,,,,,,,,,,,,,,,,,,,,,,,,,,,,,,,,,,,,,,,,,,9.78,11.1,12.5,13.8,12.7,14.3,12.8,,9.07,10,,,10.9,9.39,8.51,8.18,,,,,8.35,8.24,7.58,7,6.6,,9.05,
Bermuda,,,,,,,,,,,,,,,,,,,,,,,,,,,,,,,,,,,,,,,,,,,,,,,,,,,,,,2.71,,,,,,,,,4.48,6.49,,8.44,6.66,8.94,,,,,,
Bolivia,,,,,,,,,,,,,,,,,,,,,,,,,9,8.1,7.1,6.1,5.2,5.3,5.3,5.5,5.6,6.1,10.2,11.6,14.2,14.7,19.3,19.8,20.3,18,10.1,6.69,6.59,5.52,5.99,3.08,3.69,5.23,2.08,,3.93,4.47,5.24,5.48,,4.17,5.45,5.08,5.18,2.6,2.97,,2.25,2.07,2.44,2.02,3.11,3.5,3.65,3.52,3.82,7.9
Brazil,,,,,,,,,,,,,,,,,,,,,,,,,,3.06,2.78,,,1.92,2.32,2.36,2.76,,3.99,4.83,4.62,4.04,3.38,2.37,3.56,3.79,2.97,3.69,,6.42,6.03,,6.42,7.25,8.16,9.42,10.2,,9.61,9.37,9.99,9.11,9.57,8.64,8.33,7.34,8.52,,6.92,7.19,6.98,6.66,8.43,11.6,12.8,12.3,11.9,13.7
Barbados,,,,,,,,,,,,,,,,,,,,,,,,,,,,,,9.86,12.4,13.3,9.45,8.98,7.23,8.39,9.06,17,18.9,17.9,17.9,17.6,14.1,8.16,7.52,22.9,24.5,23,19.7,14.7,14.6,12.4,10.6,9.35,9.85,10.3,11,,,,,,10,10.7,,,11.6,12.2,9.8,8.25,8.62,8.32,8.41,
Brunei,,,,,,,,,,,,,,,,,,,,,,,,,,,,,8.25,7.85,8.06,8.7,10,7.67,7.84,6.55,6.04,,,,,,,,4.7,,,,,,,,,,,,,,,,,,,,,,,6.97,,,9.32,8.7,6.92,
Bhutan,,,,,,,,,,,,,,,,,,,,,,,,,,,,,,,,,,,,,,,,,,,,,,,,,,,,1.4,1.4,,1.9,,1.8,2.49,3.1,3.13,3.7,,3.96,3.32,3.23,2.05,2.87,2.63,2.45,,,,,
Botswana,,,,,,,,,,,,,,,,,,,,,,,,,,,,,,,,,,,,,,,25.7,,,,,,13.8,,,21.2,,21.6,,20.9,,15.9,18.5,,23.8,,,17.8,,,16.2,17.9,,,,,,,,,22.6,24.9
Canada,,,,,,,,,,,,,,,,,,,,,,,4.7,5.9,6.4,6.3,5.6,5.4,,7.09,8.05,8.38,7.53,7.54,7.61,11,12,11.3,10.5,9.59,8.82,7.76,7.55,8.13,10.3,11.2,11.4,10.4,9.49,9.62,9.1,8.28,7.58,6.83,7.22,7.66,7.57,7.19,6.76,6.32,6.04,6.14,8.34,8.06,7.51,7.29,7.07,6.91,6.91,7,6.34,5.83,5.66,9.46
Switzerland,,,,,,,,,,,,,,,,,,,,,,,,,,,,,0.3,0.7,0.4,0.4,0.4,0.2,0.2,0.4,0.9,1.1,1,0.8,0.8,0.7,0.6,2.07,1.78,2.81,3.72,3.88,3.33,3.71,4.2,3.6,3.15,2.67,2.49,2.92,4.12,4.32,4.44,4,3.65,3.35,4.12,4.8,4.4,4.48,4.75,4.83,4.8,4.92,4.8,4.71,4.39,4.82
Chile,,,,,,,,,,,,,,,,,,,,,,,,,,,,,14.7,12.8,11.8,14.3,13.6,10.5,11.3,19.6,14.7,13.9,,8.71,,6.23,5.29,5.63,5.23,4.35,4.49,5.87,4.7,7.41,7.14,7.31,11.2,10.5,10.4,10.2,9.77,10.2,9.34,9.02,8.43,9.29,11.3,8.42,7.34,6.66,6.21,6.66,6.51,6.74,6.96,7.23,7.29,11.2
China,,,,,,,,,,,,,,,,,,,,,,,,,,,,,,,,5.3,5.4,4.9,3.8,3.2,2.3,1.9,1.8,2,2,2,2.6,2.5,2.3,2.3,2.6,2.8,2.9,3,3.1,3.1,3.1,3.1,3.6,4,4.3,4.2,4.2,4.1,4,4.2,4.3,4.1,4.1,4.1,4.05,4.1,,,3.9,3.8,5.15,
Cote d'Ivoire,,,,,,,,,,,,,,,,,,,,,,,,,,,,,,,,,,,,,,,,,,,,,,6.7,,,4.1,,,4.1,,,,,,,,,,,,,,7.22,4.25,,,2.6,3.27,,,
Cameroon,,,,,,,,,,,,,,,,,,,,,,,,,,,,,,,,,,,,,,,,,,,,,,,,,,8.06,,,,,7.46,,,,4.4,,3.06,,,4.11,,,,3.53,,,,,,
"Congo, Dem. Rep.",,,,,,,,,,,,,,,,,,,,,,,,,,,,,,,,,,,,,,,,,,,,,,,,,,,,,,,,,,,2.85,,,,,,,4.49,,,,,,,,
"Congo, Rep.",,,,,,,,,,,,,,,,,,,,,,,,,,,,,,,,,,,,,,,,,,,,,,,,,,,,,,,,,,,19.8,,,,19.9,,,10,,,,,,,,
Cook Is,,,,,,,,,,,,,,,,,,,,,,,,,,,,,,,,,,,,,,,,,,,,,7.23,,,,,,,,,,13.1,,,,,8.93,,,,,8.15,,,,,0.79,,,1.27,
Colombia,,,,,,,,,,,,,,,,,,,,,,,,,,,,,10.6,,9.4,,,9.1,8.13,11.5,11.1,13,13.9,12.9,10.8,,,,10.1,9.44,7.8,8.25,8.72,11.8,12.1,15,20.1,20.5,15,14.5,13.2,12.7,11.1,11.3,10.3,10.5,11.3,11,10.1,9.74,9.05,8.57,8.3,8.69,8.87,9.11,9.96,15
Comoros,,,,,,,,,,,,,,,,,,,,,,,,,,,,,,,,,,,,,,,,,,,,,,,,,,,,,,,,,,4.57,,,,,,,,,,8.14,,,,,,
Cape Verde,,,,,,,,,,,,,,,,,,,,,,,,,,,,,,,,,,,,,,,,,,,,23,,,,,,,,,,,,,,,,,,,,10.7,,,,,31.3,,12.2,12.2,11.3,
Costa Rica,,,,,,,,,,,,,,,,,,,,,,,,,,,,,,,,,,,,,,,,,,,,4.51,5.37,3.93,3.95,4.05,5.18,6.16,5.68,5.33,5.9,5.08,5.92,6.33,6.56,6.39,6.57,5.74,4.49,4.78,7.71,7.17,10.1,9.78,8.77,9.06,9,8.6,8.14,9.63,11.5,17.4
Cuba,,,,,,,,,,,,,,,,,,,,,,,,,,,,,,,,,,,,,,,,,,,,,,,,,8.27,7.61,7.1,6.23,6.26,5.45,4.08,3.31,2.33,1.85,1.95,1.91,1.79,1.58,1.67,2.5,3.18,3.46,3.29,2.7,2.4,2,1.7,1.7,,
Cayman Islands,,,,,,,,,,,,,,,,,,,,,,,,,,,,,,,,,,,,,,,,,,,,,5.91,,7.22,5.74,4.94,5.1,4.14,4.17,,,7.54,5.37,3.61,3.45,3.54,2.62,3.83,3.97,6.04,6.68,6.78,6.21,6.27,4.7,4.24,,,,,
Cyprus,,,,,,,,,,,,,,,,,,,,,,,,,,,,,10.9,7.4,3.1,2,1.7,2,2.6,2.8,3.3,3.3,3.3,3.7,3.4,2.8,2.3,1.8,3,2.09,2.7,2.7,2.6,3.1,3.4,3.3,5.7,4.97,3.98,3.3,4.14,4.33,5.3,4.54,3.92,3.65,5.36,6.26,7.86,11.8,15.9,16.1,14.9,12.9,11.1,8.37,7.07,7.59
Czech Republic,,,,,,,,,,,,,,,,,,,,,,,,,,,,,,,,,,,,,,,,,,,,0.7,2.27,2.6,4.32,4.3,4.02,3.89,4.27,5.9,8.49,8.76,7.99,7.02,7.54,8.21,7.93,7.15,5.32,4.39,6.66,7.28,6.71,6.98,6.95,6.11,5.05,3.95,2.89,2.24,2.01,2.55
Germany,,,,,,,,,,,,,,,,,,,,,,,,,,,,,,,,,,,,,6.45,6.67,6.87,6.61,6.82,6.32,5.71,4.89,5.32,6.32,7.68,8.73,8.16,8.82,9.86,9.79,8.86,7.92,7.77,8.48,9.78,10.7,11.2,10.3,8.66,7.52,7.74,6.97,5.82,5.38,5.23,4.98,4.62,4.12,3.75,3.38,3.14,3.81
Djibouti,,,,,,,,,,,,,,,,,,,,,,,,,,,,,,,,,,,,,,,,,,,,,,,,,,,,,,,,,,,,,,,,,,,,,,,26.1,,,
Dominica,,,,,,,,,,,,,,,,,,,,,,,,,,,,,,,,,,,,,,,,,,,11.3,,9.53,,,,,,23.2,,15.7,,11,,,,,,,,,,,,,,,,,,,
Denmark,,,,,,,,,,,,,,,,,,,,,,,,,,,0.9,2.1,5.1,5.3,6.4,7.3,6.1,7,9.2,10,9.74,8.87,7.8,6.03,6.09,6.49,8.15,8.34,9.1,9.03,10.7,8.04,6.99,6.84,5.4,5.04,5.14,4.48,4.16,4.27,5.4,5.2,4.83,3.9,3.8,3.68,6.41,7.75,7.77,7.8,7.38,6.93,6.28,5.99,5.83,5.13,5.02,5.64
Dominican Republic,,,,,,,,,,,,,,,,,,,,,,,,,,,,,,,,,,,,,,,,,,,,,,,,,,,,,,6.43,7.26,6.78,6.94,6.3,6.59,5.65,5.16,4.76,5.47,5.21,6.09,6.72,7.35,6.72,7.61,7.28,5.83,5.86,6.36,6.13
Algeria,,,,,,,,,,,,,,,,,,,,,,,,,,,,,,,,,,,,,,,,,,,17.6,21.3,20.6,24.4,26.2,27.7,31.8,,25.4,,,29.8,27.3,25.9,23.7,17.6,15.3,12.3,13.8,11.3,10.2,9.96,9.96,11,9.82,10.2,11.2,10.2,13.6,,,
Ecuador,,,,,,,,,,,,,,,,,,,,,,,,,,,,4.4,5.3,,5.8,,,,,,,,,,7.24,6.99,7.71,5.88,8.19,8.56,7.95,6.68,6.7,10.4,9.17,11.5,14,4.8,4.25,,5.66,5,3.78,3.55,3.14,3.92,4.61,4.09,3.46,3.23,3.08,3.48,3.62,4.6,3.84,3.53,3.81,6.11
Egypt,,,,,,,,,,,,,,,,,,,,,,,,2.4,1.82,1.53,1.71,2.3,2.57,,3.13,3.64,4.55,5.18,4.97,5.21,6.47,5.89,,,,,7.06,8.43,9.38,8.92,10.9,10.9,11,9,8.37,8.03,7.95,8.98,9.26,10,11,10.3,11.2,10.5,8.8,8.52,9.09,8.76,11.8,12.6,13.2,13.1,13.1,12.4,11.7,9.82,7.84,
Spain,,,,,,,,,,,,,,,,,,,,,,,1.3,1.1,1.5,1.5,2.49,3.04,4.8,2.9,5.2,6.97,8.61,11.4,14.2,16,17.5,20.3,21.6,21.3,20.6,19.9,17.3,16.3,15.9,17.7,22.2,24.2,22.7,22.1,20.7,18.7,15.5,13.8,10.3,11.2,11.3,11.1,9.15,8.45,8.23,11.3,17.9,19.9,21.4,24.8,26.1,24.4,22.1,19.6,17.2,15.3,14.1,15.5
Estonia,,,,,,,,,,,,,,,,,,,,,,,,,,,,,,,,,,,,,,,,,,,0.56,0.64,1.47,3.68,6.54,7.56,9.66,9.92,10.4,9.51,11.6,13.4,13.1,10,11.3,10.3,8.03,5.91,4.59,5.45,13.6,16.7,12.3,10,8.63,7.35,6.19,6.76,5.76,5.37,4.45,6.8
Ethiopia,,,,,,,,,,,,,,,,,,,,,,,,,,,,,,,,,,,,,,1.2,,,,,,,,,,3.1,,,,,3.71,,,,,,2.5,,,,,,,,2.25,,,,,,,
Finland,,,,,,,,,,,,,,,,,,,,,,,2.83,1.89,2.26,2.42,2.45,1.61,2.08,3.75,6.09,7.23,6.2,4.86,5.04,5.28,5.43,5.12,4.73,5.32,5.07,4.47,3.14,3.07,6.5,11.6,16.2,16.4,17,15.6,15,13.2,11.7,11.1,10.3,10.4,10.5,10.4,8.38,7.72,6.85,6.37,8.25,8.39,7.78,7.69,8.19,8.66,9.38,8.82,8.64,7.36,6.69,7.76
Fiji,,,,,,,,,,,,,,,,,,,,,,,,,,,,,,,,,,,,6.06,,,,,,,,,5.93,5.35,5.88,5.7,5.4,5.78,,,,,,,8.22,4.7,3.89,,,8.94,8.72,8.91,4.41,9,,6.17,,4.32,,,,
Falkland Is (Malvinas),,,,,,,,,,,,,,,,,,,,,,,,,,,,,,,,,,,,,,,,,,,,,,,,,,,,,,,,,,,,,,,,,,1.25,,,,0.97,,,,
France,,,,,,,,,,,,,,,,,,,,,,,,2.42,2.67,2.77,2.69,2.86,4.08,4.47,5.01,5.27,6.03,6.42,7.54,8.2,7.92,9.53,10.3,10.2,10.7,10.2,9.62,9.36,9.13,10.2,11.3,12.6,11.8,12.4,12.6,12.1,12,10.2,8.61,8.7,8.31,8.91,8.49,8.45,7.66,7.06,8.74,8.87,8.81,9.4,9.92,10.3,10.3,10.1,9.41,9.02,8.41,8.01
Faeroe Islands,,,,,,,,,,,,,,,,,,,,,,,,,,,,,,,,,,,,,,,,,,,,,,,,,,,,,,4.17,4,,3.85,3.7,,,,,,,,,,,,,,,,
"Micronesia, Fed. Sts.",,,,,,,,,,,,,,,,,,,,,,,,,,,,,,,,,,,,,,,,,,,,,,,,,,,,,,,,,,,,,,,,,,,,8.86,,,,,,
Gabon,,,,,,,,,,,,,,,,,,,,,,,,,,,,,,,,,,,,,,,,,,,,,,,17.8,,,,,,,,,,,,16.9,,,,,20.4,,,,,,,,,,
Guernsey,,,,,,,,,,,,,,,,,,,,,,,,,,,,,,,,,,,,,,,,,,,,,,,,,,,,,,,,,,,,,,,,,,,,,1.22,,,,,
Isle of Man,,,,,,,,,,,,,,,,,,,,,,,,,,,,,3.1,3.5,3.7,3.1,2.3,2.9,4.6,5.9,7.1,7.4,8,7.7,5.8,3.3,2,2.1,4.1,4.3,4.9,4.7,4.4,3.54,,,0.8,0.6,1.6,0.5,0.8,1,1.4,2.42,1.4,1.4,,,3.3,,2.6,1.98,,2.67,,,,
United Kingdom,,,,,,,,,,,,,,,,,,,,,,,,,3.3,3.7,2.6,2.6,4,5.5,5.8,5.7,5.3,6.8,10.4,10.9,11.1,10.9,11.5,11.5,11,9.01,7.41,6.97,8.55,9.78,10.3,9.65,8.69,8.19,7.07,6.2,6.04,5.56,4.7,5.04,4.81,4.59,4.75,5.35,5.26,5.62,7.54,7.79,8.04,7.88,7.52,6.11,5.3,4.81,4.33,4,3.74,
Georgia,,,,,,,,,,,,,,,,,,,,,,,,,,,,,,,,,,,,,,,,,,,,,,,,,,2.4,5,14.5,13.8,10.8,11.2,12.6,11.5,12.6,13.8,13.6,13.3,17.9,20.7,20.2,19.6,19.6,19.4,17.4,16.5,16.6,13.9,12.7,11.6,18.5
Ghana,,,,,,,,,,,,,,,,,,,,,,,,,,,,,,,,,,,,,,,,,,,,,3.49,4.7,,,,,,8.2,10.1,10.5,,,,,,4.64,,,,5.38,,,2.17,,6.81,,4.22,,,
Gibraltar,,,,,,,,,,,,,,,,,,,,,,,,,,,,,,,,,,,,,,,,,,,,,6.44,,,,,,,,,,,,,,,,,,,,,,,,,,,,,
Guinea,,,,,,,,,,,,,,,,,,,,,,,,,,,,,,,,,,,,,,,,,,,,,,,,,,,,,,,,4.55,,,,,,,,,,,,,,,,,5.02,
Guadeloupe,,,,,,,,,,,,,,,,,,,,,,,,,,,,,,,,,,,,,,,,,,,,,,,,,26.1,29.3,29.5,30.7,29.8,25.7,27.6,25.7,26.9,24.7,26,27.3,22.7,,23.5,23.8,22.6,22.9,26.1,,,23.8,,,,
Gambia,,,,,,,,,,,,,,,,,,,,,,,,,,,,,,,,,,,,,,,,,,,,,,,,,,,,,,,,,,,,,,,,,,9.42,,,,,,10.2,,
Equatorial Guinea,,,,,,,,,,,,,,,,,,,,,,,,,,,,,,,,,,,,,25,,,,,,,,,,,,,,,,,,,,,,,,,,,,,,,,,,,,,
Greece,,,,,,,,,,,,,,,,,,,,,,,,,,,,,,,,,,,3.42,4.94,7.81,8.1,7.8,7.36,7.36,7.65,7.46,7.02,7.66,7.84,8.61,8.86,9.06,9.66,9.58,10.8,11.8,11.3,10.5,9.97,9.41,10.3,9.99,9.01,8.4,7.76,9.62,12.7,17.9,24.4,27.5,26.5,24.9,23.5,21.5,19.3,17.3,16.3
Grenada,,,,,,,,,,,,,,,,,,,,,,,,,,,,,,,,,,,,,,,,,,,,,13.9,,,26.9,,16.9,,15.2,,,,,,,,,,,,,,,24.2,24.5,22.9,,,,,
Greenland,,,,,,,,,,,,,,,,,,,,,,,,,,,,,,,,,,,,,,,,,,,,,,,,,,12.9,10.1,11.6,9.03,11,9.53,8.82,10.3,10.4,9.25,8.4,,,,7.8,9.4,9.8,10.1,10.3,9.1,,,,,
Guatemala,,,,,,,,,,,,,,,,,,,,,,,,,,,,,,,,,,,2.15,2.27,,,,,2.4,,1.94,,,,,,,,,,,,,,2.81,2.97,,1.9,,,,3.5,4.13,2.76,3.02,2.72,2.51,2.58,2.46,2.28,2.19,
French Guiana,,,,,,,,,,,,,,,,,,,,,,,,,,,,,,,6.2,5.8,5.8,7.1,12,15.3,7.7,12.2,13.5,12,11,10.6,12.2,24.9,9.65,,,,23,22.4,25.6,26.5,26.6,25.8,26.3,23.4,24.5,26.3,26.5,29.1,,21.8,20.5,21,21,22.3,21.3,,,23.2,,,,
Guam,,,,,,,,,,,,,,,,,,,,,,,,,,,,9.6,8.21,8.79,,,,9.9,8.7,9.6,9.25,,,6.28,,,2.81,2.83,3.51,3.84,5.53,7.6,7.9,8.28,9.67,7.74,13.9,15.3,13.2,11.4,,7.7,7,7.4,8.3,,9.3,8.2,13.3,12.2,11.5,7.6,6.9,5.4,,,,
Guyana,,,,,,,,,,,,,,,,,,,,,,,,,,,,,,,,,,,,,,,,,13.1,,,,,11.9,,,,,,,,,,11.8,,,,10.7,,,,,,,,,,,,14,,
"Hong Kong, China",,,,,,,,,,,,,,,,,,,,,,,,,,,,,9.17,5,4.3,1.59,2.09,2.4,1.53,1.85,2.11,1.92,3.18,2.82,1.73,1.36,1.07,1.32,1.8,1.96,1.96,1.9,3.22,2.83,2.22,4.58,6.25,4.92,5.09,7.28,7.86,6.74,5.58,4.77,4.01,3.56,5.26,4.33,3.42,3.29,3.4,3.3,3.31,3.39,3.13,2.82,2.93,5.83
Honduras,,,,,,,,,,,,,,,,,,,,,,,,,,,,8.1,,,,,,,,7.3,,,,12.1,11.4,,,4.78,4.58,3.06,,,3.24,4.37,3.32,4.02,3.85,,4,4.02,5.3,5.99,4.91,3.57,3.21,3.16,3.29,4.12,4.47,3.75,5.65,7.08,6.15,6.73,5.53,5.65,5.7,11
Croatia,,,,,,,,,,,,,,,,,,,,,,,,,,,,,,,,,,,,,,,,,,,,,11.1,,,,,9.68,9.71,11.4,13.6,16.1,15.8,15.1,13.9,13.7,12.6,11.1,9.91,8.53,9.2,11.6,13.7,15.9,17.3,17.3,16.2,13.1,11.2,8.43,6.62,7.51
Haiti,,,,,,,,,,,,,,,,,,,,,,,,,,,,,,,,,,,,,12.2,,,,,,,11.3,,,,,,,,,7.2,,,,,,,,16.8,,,,,14.1,,,,,,,,
Hungary,,,,,,,,,,,,,,,,,,,,,,,,,,,,,,,,,,,,,,,,,,,,1.7,8.5,9.94,12.1,10.8,10.2,10,8.99,8.93,6.93,6.56,5.67,5.61,5.79,5.83,7.19,7.49,7.41,7.82,10,11.2,11,11,10.2,7.73,6.81,5.11,4.16,3.71,3.42,4.25
Indonesia,,,,,,,,,,,,,,,,,,,,,,,,,,,,,,1.92,1.29,2.48,,1.66,,2.85,,,2.1,2.59,2.55,2.74,,2.54,2.62,2.73,2.78,4.37,,4.86,4.68,5.46,6.36,6.08,6.08,6.6,6.66,7.3,7.94,7.55,8.06,7.21,6.11,5.61,5.15,4.47,4.34,4.05,4.51,4.3,3.78,4.39,3.6,4.28
India,,,,,,,,,,,,,,,,,,,,,,,,,,,,,,,,,,,,,,,,,,,,,,,,2.15,,,,,,2.73,,,,,2.42,,,,,2.44,,2.69,,,,,,5.33,5.27,4.68
Ireland,,,,,,,,,,,,,,,,,,,,,,,,,,,,,,,,,,,,,14.8,16.4,17.9,18,18.1,17.4,16.1,14.1,15.8,15,15.6,14.6,12,11.7,10.2,7.7,5.8,4.32,3.68,4.22,4.48,4.49,4.34,4.41,4.98,6.77,12.6,14.5,15.3,15.4,13.7,11.9,9.91,8.37,6.71,5.74,4.95,5.62
Iran,,,,,,,,,,,,,,,,,,,,,,,,,,,,,,,,,,,,,,,,14.2,,,,,11.1,,,,,9.1,,,,,,12.8,,10.3,11.8,11.5,10.8,10.6,12.1,13.7,12.5,12.3,10.6,10.7,11.2,12.6,12.2,12.2,10.7,9.69
Iraq,,,,,,,,,,,,,,,,,,,,,,,,,,,,,,,,,,,,,,,,,,,,,,,,,,,,,,,,,,,,,8.65,,,,,7.96,,10.6,,10.8,13,,,
Iceland,,,,,,,,,,,,,,,,,,,,,,,,,,,,,,,,,,,,,,,,,,,,,2.55,4.31,5.26,5.33,5.2,3.6,3.72,3.07,2.18,1.94,1.87,2.99,4,4.03,2.55,2.83,2.25,2.95,7.22,7.56,7.03,6,5.38,4.9,3.98,2.98,2.74,2.7,3.51,5.48
Israel,,,,,,,,,,,,,,,,,,,,,,,4.47,3.82,3.46,2.7,2.64,3.05,,3.47,,3.42,2.78,4.59,4.92,4.81,4.32,5.69,6.33,,,,,12.2,13.4,14.1,12.7,9.93,8.78,8.46,9.75,10.8,11.2,11.1,11.8,12.9,13.5,13,11.3,10.7,9.38,7.7,9.53,8.48,7.14,6.86,6.21,5.89,5.25,4.8,4.22,4,3.8,4.33
Italy,,,,,,,,,,,,,,,,,,,,,,,,5.44,5.44,6.39,6.37,5.38,5.82,6.64,7.12,7.24,7.64,7.53,,9.03,8.57,9.41,9.41,10.6,10.7,11,11,9.79,10.1,9.33,10.2,11.1,11.7,11.9,12,12.1,11.7,10.8,9.6,9.21,8.87,7.87,7.73,6.78,6.08,6.72,7.75,8.36,8.36,10.7,12.2,12.7,11.9,11.7,11.2,10.6,9.95,9.16
Jamaica,,,,,,,,,,,,,,,,,,,,,,,17.6,,,23.2,22.1,20.5,19.6,21.8,,23.7,,35.5,25,26.7,,,33.4,,,23,,15.7,15.7,15.8,16.3,15.3,16.2,16,16.4,15.5,15.7,15.5,14.9,14.2,11.7,12.2,11.3,10.3,9.75,10.6,11.4,12.4,12.7,13.9,15.3,13.7,13.5,13.2,11.6,9.1,7.69,
Jersey,,,,,,,,,,,,,,,,,,,,,,,,,,,,,,,,,,,,,,,,,,,,,3.3,,,,,3.04,,,,,2.12,,,,,,0.6,2.3,2.7,3,4.7,,5.7,4.6,4,,,,,
Jordan,,,,,,,,,,,,,,,,,,,,,,,,,,,,,,,,,,,,,6.6,,,13.3,14.8,,,,,,19.7,,14.6,13.7,,,,13.7,14.7,15.3,14.5,,14.8,14,13.1,12.7,12.9,12.5,12.9,12.2,12.6,11.9,13.1,15.3,18.1,18.3,16.8,
Japan,,,,,,,1.9,2.3,2.5,2.3,1.9,2.1,2.2,1.7,1.4,1.3,1.3,1.1,1.2,1.3,1.3,1.2,1.1,1.1,1.2,1.4,1.3,1.4,1.9,2,2,2.2,2.1,2,2.2,2.4,2.6,2.7,2.6,2.8,2.8,2.5,2.3,2.1,2.1,2.2,2.5,2.9,3.2,3.4,3.4,4.1,4.7,4.75,5.02,5.39,5.25,4.73,4.45,4.19,3.89,4,5.07,5.1,4.55,4.36,4,3.6,3.4,3.1,2.8,2.4,2.4,2.8
Kazakhstan,,,,,,,,,,,,,,,,,,,,,,,,,,,,,,,,,,,,,,,,,,,,,0.05,0.4,1.11,7.54,11,13,13,13.1,13.5,12.8,10.4,9.33,8.78,8.4,8.13,7.79,7.26,6.63,6.55,5.77,5.39,5.29,5.2,5.06,4.93,4.96,4.9,4.85,4.8,4.89
Kenya,,,,,,,,,,,,,,,,,,,,,,,,,,,,,,,,,,,,,,,,,,,,,,,,,,,,,10,,,,,,,9.96,,,9.6,,,,,,,2.76,,,5.01,
Kyrgyz Republic,,,,,,,,,,,,,,,,,,,,,,,,,,,,,,,,,,,,,,,,,,,,,,,,,,,,,,7.54,7.84,12.6,9.92,8.53,8.11,8.27,8.1,8.22,8.41,8.64,8.53,8.43,8.33,8.05,7.56,7.21,6.89,4.54,,
Cambodia,,,,,,,,,,,,,,,,,,,,,,,,,,,,,,,,,,,,,,,,,,,,,,,,,,0.84,,,,2.76,2.06,,,7.53,,,1.26,0.82,0.58,0.77,0.58,1.28,0.44,0.69,0.39,0.72,0.14,,1.22,
Kiribati,,,,,,,,,,,,,,,,,,,,,,,,,,,,,,,,,,,,,,,,,,,,,,,,,,,,,,,,,,,14.7,,,,,30.6,,,,,9.33,,,,8.6,
St. Kitts and Nevis,,,,,,,,,,,,,,,,,,,,,,,,,,,,,,,,,,9.83,,,,,,,,,,,5.14,,,,,,,,,,5.12,,,,,,,,,,,,,,,,,,,
South Korea,,,,,,,,,,,,,,,,,,,,,,,4.86,4.51,4.57,4.59,4.04,4.15,4.18,3.81,3.81,3.17,3.81,5.2,4.51,4.36,4.07,3.8,3.98,3.81,3.09,2.52,2.57,2.45,2.41,2.51,2.88,2.48,2.06,2.05,2.61,6.96,6.34,4.06,3.7,3.05,3.35,3.42,3.48,3.25,3.01,2.96,3.36,3.32,2.99,2.81,2.75,3.08,3.55,3.65,3.65,3.82,3.75,3.93
Kosovo,,,,,,,,,,,,,,,,,,,,,,,,,,,,,,,,,,,,,,,,,,,,,,,,,,,,,,,57,55,49.7,39.7,41.4,44.9,46.3,47.5,45.4,,,30.9,,35.1,32.9,27.5,30.3,29.4,26,26.2
Kuwait,,,,,,,,,,,,,,,,,,,,,,,,,,,,,,,,,,,,,1.02,,,,,1.91,,,,,0.8,0.7,,0.7,0.7,0.7,0.7,0.8,0.8,1.1,1.3,1.7,1.95,1.3,1.5,1.75,1.64,1.82,,,,2.9,2.2,2.16,,,,
Lao,,,,,,,,,,,,,,,,,,,,,,,,,,,,,,,,,,,,,,,,,,,,,,,,,2.6,,,,,,,,,,1.35,,,,,0.71,,,,,,,9.41,,,
Lebanon,,,,,,,,,,,,,,,,,,,,,,,,,,,,,,,,,,,,,,,,,,,,,,,,,,,8.62,,,,,,,7.85,,,8.98,,6.35,,,,,,,,,,11.3,
Liberia,,,,,,,,,,,,,,,,,,,,,,,,,,,,,,,,,,,,,,,,,,,,,,,,,,,,,,,,,,,,,,,,2.27,,,,2.08,,3.08,,,,
Libya,,,,,,,,,,,,,,,,,,,,,,,,,,,,,,,,,,,,,,,,,,,,,,,,,,,,,,,,,,,,,,,,,,19,,,,,,,,
St. Lucia,,,,,,,,,,,,,,,,,,,,,,,,,,,,,,,,,,,,,,,,,,,,,,,16.8,17,15.8,16.3,20.5,21.6,18.1,16.5,,20.4,22.2,21,18.7,16,14,12.7,15.4,,18.9,19.1,22.2,,,,18.9,19.1,15.3,
Liechtenstein,,,,,,,,,,,,,,,,,,,,,,,,,,,,,,,,,,,,,,,,,,,,0.15,0.52,0.76,1.36,1.02,0.9,1.6,1.34,1.78,1.78,1.27,1.12,1.45,2.11,2.4,2.66,2.46,2.01,,,,,,,,,,,,,
Sri Lanka,,,,,,,,,,,,,,,,,,,,,,,,,,,,,,,,,,,,,,,,,,,,15.9,14.7,14.2,13.8,13,12.3,11.3,10.6,9.17,8.88,7.74,7.9,8.76,8.22,8.38,7.67,6.5,5.97,5.22,5.85,4.78,4.12,3.88,4.24,4.19,4.52,4.24,4.05,4.32,,
Lesotho,,,,,,,,,,,,,,,,,,,,,,,,,,,,,,,,,,,,,,,,10,,,,,,,,,,,37.9,,27.3,,,,,,,,,35.5,,,,,24.6,,,,,,22.4,
Lithuania,,,,,,,,,,,,,,,,,,,,,,,,,,,,,,,,,,,,,,,,,,,,,,,,17.3,17.5,16.4,14.1,13.7,13.4,15.9,16.8,13,12.9,10.7,8.32,5.78,4.25,5.83,13.8,17.8,15.4,13.4,11.8,10.7,9.12,7.86,7.07,6.15,6.26,8.49
Luxembourg,,,,,,,,,,,,,,,,,,,,,,,,,,,,,,,,,,,,,3.2,2.63,2.96,2.64,2.47,2,1.59,1.61,1.48,2.03,2.33,3.48,2.92,3.29,2.53,2.76,2.39,2.35,1.81,2.62,3.68,5.11,4.49,4.73,4.07,5.06,5.12,4.36,4.9,5.14,5.85,5.85,6.67,6.29,5.52,5.59,5.59,6.77
Latvia,,,,,,,,,,,,,,,,,,,,,,,,,,,,,,,,,,,,,,,,,,,,,,,,,,20.9,14.9,14.5,13.8,14.2,13.8,13.8,12.1,11.7,10,7.03,6.05,7.74,17.5,19.5,16.2,15.1,11.9,10.8,9.87,9.64,8.72,7.41,6.31,8.1
"Macao, China",,,,,,,,,,,,,,,,,,,,,,,,,,,,,,,,,,,,,,,,,,,,,3.01,2.2,2.06,2.48,3.58,4.25,3.26,4.61,6.35,6.87,6.39,6.27,6,4.9,4.16,3.82,3.27,3,3.58,2.84,2.56,1.97,1.82,1.7,1.81,1.94,1.99,1.83,1.75,2.57
Morocco,,,,,,,,,,,,,,,,,,,,,,,,,,,,,,,,,,,,,,,,,14.7,13.9,16.3,15.8,17,15.7,15.7,,22.9,17.8,16.7,19.1,13.9,13.6,12.5,11.6,11.9,10.8,11,9.67,9.56,9.57,8.96,9.09,8.91,8.99,9.23,9.7,9.46,9.3,,,,
Monaco,,,,,,,,,,,,,,,,,,,,,,,,,,,,,,,,,,,,,,,,,,,,,,,,,,,,,,3.6,,,,,,,,,,,,,,,,6.33,,,,
Moldova,,,,,,,,,,,,,,,,,,,,,,,,,,,,,,,,,,,,,,,,,,,,,,,,,,,,,11.1,8.46,7.29,6.8,7.95,8.17,7.29,7.38,5.07,3.98,6.4,7.45,6.68,5.58,5.1,3.73,4.7,4.02,4.1,4.11,5.1,3.82
Madagascar,,,,,,,,,,,,,,,,,,,,,,,,,,,,,,,,,,,,,,,,,,,,,,,,,,,,,,5.8,5.35,,5.01,,2.62,,,,,4.28,,0.6,,,1.79,,,,,
Maldives,,,,,,,,,,,,,,,,,,,,,,,,,,,,,,,,,,,,,,,,,,,,,,,,,0.79,,,,,1.97,,,,,,,,,11.7,,,,,3.85,,6.12,,,5.34,
Mexico,,,,,,,,,,,,,,,,,,,,,,,,,,,,,,,,,,,,,,,,,,1.76,,,3.15,3.24,3.37,4.44,7.1,5.47,4.24,3.73,2.6,2.65,2.63,3,3.46,3.94,3.56,3.57,3.63,3.87,5.36,5.3,5.17,4.89,4.91,4.81,4.31,3.86,3.42,3.28,3.48,4.45
Marshall Islands,,,,,,,,,,,,,,,,,,,,,,,,,,,,,,,,,,9.73,,,,,,,,12.5,,,,,,,,,,,,,,,,,25.4,,,,,,4.74,,,,,,,,6.43,
North Macedonia,,,,,,,,,,,,,,,,,,,,,,,,,,,,,,,,,,,,22,20.9,21.1,21.6,21.7,21.5,21.4,22.6,23.6,24.5,26.3,27.7,30,35.6,38.8,36,34.5,32.4,32.2,30.5,31.9,36.7,37.2,37.3,36,34.9,33.8,32.2,32,31.4,31,29,28,26.1,23.7,22.4,20.7,17.3,17.2
Mali,,,,,,,,,,,,,,,,,,,,,,,,,,,,,,,,,,,,,,,,,,,,,,,,,,,3.3,,,,,,,8.75,,,11.7,,,8.07,6.9,,6.35,6.38,7.73,1.37,7.41,1.62,,
Malta,,,,,,,,,,,,,,,,,,,,,,,,,,,,,,,,,,,,,8.5,,8.1,6.8,4.4,4,3.7,3.9,3.6,4,4.5,4.1,3.7,4.4,5,5.1,5.3,6.32,7.11,6.9,7.49,7.32,6.92,6.8,6.47,5.98,6.89,6.85,6.38,6.2,6.11,5.72,5.38,4.69,4,3.66,3.62,4.26
Myanmar,,,,,,,,,,,,,,,,,,,,,,,,,,,,,,,,,,,,,,,,,,,,6,,,,,,,,,,,,,,,,,,,,,,,,,0.77,,1.56,0.87,0.5,
Montenegro,,,,,,,,,,,,,,,,,,,,,,,,,,,,,,,,,,,,,,,,,,,,,,,,,,,,,,,,,,,30.3,,19.4,17.1,19.1,19.6,19.8,19.8,19.6,18.1,17.6,17.7,16.1,15.2,15.1,17.9
Mongolia,,,,,,,,,,,,,,,,,,,,,,,,,,,,,,,,,,,,,,,,,,,,,,,,,5.5,,,,,,,6.2,6.8,,,,7.2,5.56,5.86,6.55,4.77,3.9,4.23,4.8,4.86,7.24,6.36,5.38,10,7.01
Northern Mariana Islands,,,,,,,,,,,,,,,,,,,,,,,,,,,,,,,,,,,,,,11.8,,,,,,,,,,,,,,,,3.83,,,4.57,,8.22,,,,,11.2,,,,,,,,,,
Mozambique,,,,,,,,,,,,,,,,,,,,,,,,,,,,,,,,,,,,,,,,,,,,,,,,,,,2.7,,,,,,,,,,,,,,,,,,3.43,,,,,
Mauritania,,,,,,,,,,,,,,,,,,,,,,,,,,,,,,,14.1,,,,,,,,,,,25.8,,,,,,,,,,,,,,,,,,,,,,,,9.86,,,,,10.3,,,
Montserrat,,,,,,,,,,,,,,,,,,,,,,,,,,,,,7.03,9.25,11.7,12,7.36,6.12,5.49,5.6,7,5.77,5.25,4.23,1.99,,,,,,,,,,,,,,9.05,,,,,13.7,,,,,5.57,,,,,,,,,8.33
Martinique,,,,,,,,,,,,,,,,,,,,,,,,,,,,,,,,,,,,,,,,,,,,,,,,,26.1,27.2,28.8,29.3,28.1,26.3,24.7,20.9,19.9,20.7,17.8,22.9,21.1,22.6,22,21,20.8,21,22.8,,,17.6,,,,
Mauritius,,,,,,,,,,,,,,,,,,,,,,,,,,,,,,,,,,,,,,,,,,,,,,,,,9.59,,,,,,9.14,8.2,5.9,8.34,9.52,9.04,8.48,7.17,7.26,7.65,7.45,7.47,7.32,7.47,7.41,6.81,6.75,6.43,6.33,
Malawi,,,,,,,,,,,,,,,,,,,,,,,,,,,,,,,,,,,,,5.4,,,,,,,,,,,,,,,,,,,,,,0.94,,,,,,1.74,,5.95,,,,4.98,,,1.27
Malaysia,,,,,,,,,,,,,,,,,,,,,,,,,,,,,,,,,,,,3.4,3.8,5.84,6.92,8.29,7.33,7.26,5.73,4.5,,3.71,4.11,,3.15,2.52,2.45,3.2,3.43,3,3.53,3.48,3.61,3.54,3.53,3.31,3.23,3.32,3.66,3.39,3.05,3.1,3.16,2.88,3.1,3.44,3.41,3.3,3.26,4.54
Namibia,,,,,,,,,,,,,,,,,,,,,,,,,,,,,,,,,,,,,,,,,,,,,19.1,,,19.4,,,24.4,,,20.3,,,,22.1,,,,,,22.1,,16.8,19,18.5,,23.4,,19.9,,
New Caledonia,,,,,,,,,,,,,,,,,,,,,,,,,,,,,,,,,,,,,,,,,,,,,,,,,,18.6,,,,,,,,16.3,,,,,14,,,,,14.6,,,,,,
Niger,,,,,,,,,,,,,,,,,,,,,,,,,,,,,,,,,,,,,,,,,,,,,,,,,,,,,,,1.47,,,,3.1,,,,,,0.32,2.18,,0.52,,,7.77,,,
Nigeria,,,,,,,,,,,,,,,,,,,,,,,,,,,,,,,,,,,,,,,,3.94,,,,,,,,,,,,,,,,,,,,,,,,,3.77,,3.7,4.56,4.31,7.06,8.39,,8.53,
Nicaragua,,,,,,,,,,,,,,,,,,,,,,,,,,,,,,,,,,,,,,,3.2,4.7,5.8,6,8.66,,,,,,,,,,,,4.12,,7.6,6.41,5.37,5.31,4.89,6.2,8.16,7.83,,5.21,5.28,4.52,4.7,3.9,3.3,5.2,,
Niue,,,,,,,,,,,,,,,,,,,,,,,,,,,,,,,,,,,,,,,,,,,,,,,,,,,,,,,2.21,,,,,,,,,,,,,,,,,,,
Netherlands,,,,,,,,,,,,,,,,,,,,,,,,,,,,,6,,5.88,,6.16,,7.92,,11.8,,10.5,,9.9,9.37,8.7,7.67,7.28,5.56,6.29,7.16,7.16,6.42,5.51,4.39,3.62,2.73,2.12,2.55,3.59,4.65,5.87,5,4.15,3.65,4.35,4.99,4.98,5.82,7.24,7.42,6.87,6.01,4.84,3.83,3.38,3.82
Curaçao,,,,,,,,,,,,,,,,,,,,,,,,,,,,,,,,,,,,,,,,,,,,,,,,,,,,,,,,,,,,,,,,,9.78,,13,12.6,11.7,,,13.4,,19.1
Norway,,,,,,,,,,,,,,,,,,,,,,,,,,1.67,1.55,1.48,2.29,1.76,1.46,1.8,1.99,1.65,2.03,1.7,2.04,2.9,2.32,1.79,2.03,3.02,4.83,5.26,5.41,5.91,5.97,5.35,6.31,5.04,4.69,3.74,3.25,3.46,3.74,4.02,4.22,4.26,4.38,3.4,2.49,2.55,3.1,3.52,3.21,3.12,3.42,3.48,4.3,4.68,4.16,3.8,3.69,4.42
Nepal,,,,,,,,,,,,,,,,,,,,,,,,,,,,,,,,,,,,,,,,,,,,,,,,,,4.5,,,1.85,,,,,,,,,1.33,,,,,,,3.1,,11.4,,,
Nauru,,,,,,,,,,,,,,,,,,,,,,,,,,,,,,,,,,,,,,,,,,,,,,,,,,,,,,,,22.8,,,,,,,,,23,,13.3,,,,,,,
New Zealand,,,,,,,,,,,,,,,,,,,,,,,,,,,,,,,,,,,,,,,,4.19,4.21,5.77,7.31,7.98,10.6,10.7,9.8,8.35,6.46,6.29,6.86,7.72,7.02,6.13,5.43,5.28,4.75,4.01,3.81,3.86,3.66,4.17,6.12,6.56,6.49,6.93,5.84,5.43,5.41,5.15,4.74,4.33,4.11,4.59
Oman,,,,,,,,,,,,,,,,,,,,,,,,,,,,,,,,,,,,,,,,,,,,,,,,,,,,,,,,,,,,,,4.14,,,,,,,,3.27,,1.8,,2.94
Pakistan,,,,,,,,,,,,,,,,,,,,,,,,,2.09,2.15,2,1.67,1.7,1.9,1.9,4.18,4.12,4.01,3.82,3.82,4.3,4.16,3.97,3.97,3.05,2.16,2.03,1.97,5.85,5.18,4.28,4.26,5.03,4.79,5.81,5.7,5.35,7.16,6.88,7.83,7.49,7.4,7.05,0.58,0.4,0.42,0.54,0.65,0.8,,2.95,1.83,3.57,,,4.08,,
Panama,,,,,,,,,,,,,,,,,,,,,,,,7.1,7.6,6.79,6.99,5.8,6.41,6.67,8.73,8.06,8.78,,,8.41,9.71,10.1,12.3,10.5,11.8,16.3,16.3,11.6,16.1,14.7,13.3,14,14,14.3,13.4,14,11.8,13.5,14.7,14.1,13.6,12.4,10.3,9.11,6.78,4.87,6.56,3.71,2.31,2.39,2.3,2.72,3,3.31,3.9,3.89,4.74,18.6
Peru,,,,,,,,,,,,,,,,,,,,,,,5.9,4.84,4.57,4.4,4.23,4,4.92,5.2,5.82,6.5,7.12,6.97,6.77,6.98,9.2,10.5,11.8,5.32,3.63,,7.92,8.6,5.8,9.4,9.87,,,7.07,7.69,7.75,7.99,7.8,7.88,4.84,4.15,4.7,4.88,4.18,4.04,4.04,3.98,3.58,3.48,3.24,3.57,3.21,3.27,3.74,3.69,3.49,3.38,7.45
Philippines,,,,,,,,,,,,,,,,,,,,,,,6.7,,5.28,5.36,4.77,3.21,3.83,4.8,4.47,4,3.5,4.75,5.36,5.5,4.89,7.03,6.07,6.43,9.1,8.34,8.42,8.13,10.6,9.87,9.29,9.48,9.53,8.56,8.78,10.3,9.81,11.2,3.7,,3.53,3.55,3.8,4.05,3.43,3.72,3.86,3.61,3.59,3.5,3.5,3.6,3.07,2.7,2.55,2.34,2.24,2.52
Palau,,,,,,,,,,,,,,,,,,,,,,,,,,,,,,,,,,,,,,,,,,,,7.76,,,,,7.03,,,,,3.3,,,,,4.18,,,,,,,,,1.36,,,,,,
Papua New Guinea,,,,,,,,,,,,,,,,,,,,,,,,,,,,,,,,,,,,,,,,,,,,7.7,,,,,,,,,,2.92,,,,,,,,,,2,2.62,,,,,,,,,
Poland,,,,,,,,,,,,,,,,,,,,,,,,,,,,,,,,,,,,,,,,,,,,,,13.7,14.4,14.8,13.7,12.7,11,9.94,12.3,16.3,18.4,19.9,19.4,19.1,17.8,13.8,9.6,7.12,8.17,9.64,9.63,10.1,10.3,8.99,7.5,6.16,4.89,3.85,3.28,3.16
Puerto Rico,,,,,,,,,,,,,,,,,,,,,,,,,11.5,11.8,11.6,13.1,,19.6,19,16.7,14.5,17.1,17.8,19.9,22.2,20,20.7,19.5,17,15,14.6,14.5,16.2,16.9,16.9,14.6,13.9,13.6,13.8,13.5,11.8,10.1,11.4,11.9,11.8,10.3,11.3,11,10.9,11.5,15,16.1,15.7,14.5,14.3,13.9,12,11.8,10.8,9.2,8.3,
Portugal,,,,,,,,,,,,,,,,,,,,,,,,,,,,1.77,4.5,6.4,,7.89,7.94,,,,7.3,,8.18,8.7,7.38,6.01,5.13,4.64,3.92,3.98,5.3,6.71,7.06,7.3,6.57,4.65,4.58,3.81,3.83,4.5,6.13,6.32,7.58,7.65,7.96,7.55,9.43,10.8,12.7,15.5,16.2,13.9,12.4,11.1,8.87,6.99,6.46,6.79
Paraguay,,,,,,,,,,,,,,,,,,,,,,,,,,,,,,,,,5.69,4.11,,5.61,8.25,7.33,5.13,6.1,5.51,4.72,5.62,5.8,5.1,4.98,5.06,4.41,3.4,8.15,5.36,4.42,5.34,7.61,6.21,9.39,6.81,6.51,4.82,5.28,4.71,4.42,5.46,4.57,4.67,4.09,4.38,5.03,4.56,5.25,4.61,6.22,6.59,7.55
Palestine,,,,,,,,,,,,,,,,,,,,,,,,,,,,,,,,,,,,,,,,,,,,,,,,,,,,,,10.6,21.5,27.5,23,23.2,20,19,18.3,22.9,20.4,21.4,17.6,19.2,19.9,20.5,23,23.9,25.7,26.3,25.3,25.9
French Polynesia,,,,,,,,,,,,,,,,,,,,,,,,,,,,,,,,,,,,,,,,,,9.7,,,,,,,,,,,,,,11.7,,,,,11.7,,,,,,,,,,,,,
Qatar,,,,,,,,,,,,,,,,,,,,,,,,,,,,,,,,,,,,,,,,,,,,,,,,,,,,,,,,,,1.48,,0.87,0.52,0.31,0.31,0.45,0.56,0.48,0.28,0.2,0.17,0.15,0.14,0.11,0.1,0.14
Reunion,,,,,,,,,,,,,,,,,,,,,,,,,,,,,,,,,,,,19.3,19.1,,,,,,,36.9,25.4,34.3,34.4,,,37.1,36,37.7,37.7,36.5,29.7,28.3,30.8,32.2,29.5,27.5,24.2,24.5,27.2,28.9,29.5,28.5,28.9,,,22.4,,,,
Romania,,,,,,,,,,,,,,,,,,,,,,,,,,,,,,,,,,,,,,,,,,,,,,8.26,,8.17,8.01,6.74,5.51,5.63,6.24,6.97,6.56,8.11,6.95,7.72,7.17,7.27,6.41,5.79,6.86,6.96,7.18,6.79,7.1,6.8,6.81,5.9,4.93,4.19,3.91,5.03
Russia,,,,,,,,,,,,,,,,,,,,,,,,,,,,,,,,,,,,,,,,,,,,,,5.18,5.88,8.13,9.45,9.67,11.8,13.3,13,10.6,8.98,7.88,8.21,7.76,7.12,7.06,6,6.21,8.3,7.37,6.54,5.44,5.46,5.16,5.57,5.56,5.21,4.85,4.5,5.59
Rwanda,,,,,,,,,,,,,,,,,,,,,,,,,,,,,,,,,,,,,,,,,,,0.8,,0.3,,,,,0.56,,,,,,0.89,,,,,,,,,,,,1.17,,,17.4,15.1,15.3,
Saudi Arabia,,,,,,,,,,,,,,,,,,,,,,,,,,,,,,,,,,,,,,,,,,,,,,7.2,,,,,,,4.35,4.57,4.62,5.27,5.56,5.82,6.05,6.25,5.73,5.08,5.38,5.55,5.77,5.52,5.57,5.72,5.59,5.65,5.89,6.04,,7.45
Sudan,,,,,,,,,,,,,,,,,,,,,,,,,,,,,,,,19.4,,,,,13.2,,12.1,13.1,,,,,,,,,,,,,,,,,,,,,,14.8,13,,17.4,,,,,,,,,
Senegal,,,,,,,,,,,,,,,,,,,,,,,,,,,,,,,,,,,,,,,,,,,,,,,,,,,,,,,,5.65,,,,10,,,,,10.4,,,,6.76,4.46,3.69,,2.86,
Singapore,,,,,,,,,,,,,,,,,,,,,,,,6.06,4.8,4.7,4.51,3.97,4.55,4.48,3.93,2.26,2.12,1.8,1.65,1.5,1.69,2.69,4.27,6.84,5,3.55,2.35,,2.18,3.09,3.07,3.03,3.3,3.57,2.5,3.41,4.85,3.7,3.76,5.65,5.93,5.84,5.59,4.48,3.9,3.96,5.86,4.12,3.89,3.72,3.86,3.74,3.79,4.08,4.2,,3.1,4.1
St. Helena,,,,,,,,,,,,,,,,,,,,,,,,,,,,,,,,,,,,,,,,,,,,,,,,,,,,18.1,,,,,13,9.86,5.21,4.23,,2.89,,1.99,,,,,,,,,,
Solomon Islands,,,,,,,,,,,,,,,,,,,,,,,,,,,,,,,,,,,,,,,,,,,,,,,,,,,,,,,,,,,,,,,2.02,,,,0.69,,,,,,,
Sierra Leone,,,,,,,,,,,,,,,,,,,,,,,,,,,,,,,,,,,,,,,,,,,,,,,,,,,,,,,,,,3.42,,,,,,,,,,4.68,,,,,,
El Salvador,,,,,,,,,,,,,,,,,,,,,,,,,,,,,,,,3.73,6.79,13.3,,,,,16.9,8.63,,9.37,8.35,9.96,7.53,7.88,9.94,7.68,7.65,7.68,7.98,7.1,6.68,6.96,6.96,5.73,6.26,6.05,7.22,6.57,6.41,5.88,7.33,4.89,4.3,3.84,3.69,4.15,4,4.42,4.39,4.01,4.17,0.06
San Marino,,,,,,,,,,,,,,,,,,,,,,,,,,,,,,,,,4.8,5.8,,,,7.2,6.9,6.9,6.2,6,5.3,5.5,4.3,4.2,5.1,3.9,3.9,5.1,4.4,4.1,3,2.8,,,,,2.11,1.63,,,4.02,4.37,5.06,5.19,6.08,6.61,7.38,6.45,,,5.8,
Serbia,,,,,,,,,,,,,,,,,,,,,,,,,,,,,,,,,,,,,,,,,,,,,,,,,13.4,13.2,13.8,13.7,13.7,12.6,12.8,13.8,15.2,18.5,20.9,20.9,18.1,13.7,16.1,19.2,23,24,22.1,19.2,17.7,15.3,13.5,12.7,10.4,9.01
South Sudan,,,,,,,,,,,,,,,,,,,,,,,,,,,,,,,,,,,,,,,,,,,,,,,,,,,,,,,,,,,,,,12.2,,,,,,,,,,,,
Sao Tome and Principe,,,,,,,,,,,,,,,,,,,,,,,,,,,,,,,,,0.61,0.57,0.7,0.56,0.48,0.34,,,,,,,,,,,,,,,,14.4,15.7,17.6,16.4,16.1,16.5,16.6,,,,,,13.6,,,,,,,,
Suriname,,,,,,,,,,,,,,,,,,,,,,,,,,,,,,,,,,,,,,,,16.4,19.5,,15.5,15.7,,17.3,15.6,12.7,8.39,10.9,10.6,10.6,13.6,,,,,9.49,,,,,8.72,7.15,7.54,8.1,6.6,6.94,7.22,7.92,,,,
Slovak Republic,,,,,,,,,,,,,,,,,,,,,,,,,,,,,,,,,,,,,,,,,,,,,,,12.2,13.7,13.1,11.3,11.9,12.2,15.9,19.1,19.4,18.7,17.1,18.6,16.3,13.4,11.1,9.51,12,14.4,13.6,14,14.2,13.2,11.5,9.67,8.13,6.54,5.75,6.69
Slovenia,,,,,,,,,,,,,,,,,,,,,,,,,,,,,,,,,,,,,,,,,,,,,7.08,,8.51,8.24,7.15,6.91,6.65,7.39,7.32,6.92,5.68,5.92,6.48,6.01,6.51,5.95,4.82,4.37,5.86,7.24,8.17,8.84,10.1,9.67,8.96,8,6.56,5.11,4.45,4.97
Sweden,,,,,,,,,,,,,,,,,,,,,,,1.89,1.51,2.55,2.7,2.46,1.98,1.62,1.61,,,,,,3.14,3.48,3.07,2.83,2.23,2.15,,1.46,1.83,3.24,5.72,9.33,9.58,8.9,9.55,10.4,8.94,7.61,5.47,4.73,4.97,5.55,6.69,7.49,7.07,6.16,6.23,8.35,8.61,7.8,7.98,8.05,7.95,7.43,6.99,6.72,6.36,6.83,8.29
Eswatini,,,,,,,,,,,,,,,,,,,,,,,,,,,,,,,,,,,,,,,,,,,,,,,,,21.6,,22.5,,,,,,,,,,28.2,,,,,,,,,22.7,,,,
Seychelles,,,,,,,,,,,,,,,,,,,,,,,,,,,,,,,,,,,,,,,,,,,,,,,,10.3,,,,,,,,9.81,,,5.5,,,,,,4.11,,,3.84,4.15,3.96,3.71,3.53,2.97,4.31
Syria,,,,,,,,,,,,,,,,,,,,,,,4.3,6.4,7.5,4.7,4.5,5.1,4.81,6.2,5,4.5,3.8,,,,4.24,4.7,,,,,5.78,,6.75,,7.4,7.5,7.2,,,,7.6,,11.6,11.7,10.3,,,8.17,8.42,10.9,8.14,8.61,,,,,,,,,,
Turks and Caicos Islands,,,,,,,,,,,,,,,,,,,,,,,,,,,,,,,,,,,,,,,,,,,,,,,,,,,,,,,9.71,6.18,7.77,9.86,8.04,7.45,5.43,8.3,,,,,,,,,,,,
Chad,,,,,,,,,,,,,,,,,,,,,,,,,,,,,,,,,,,,,,,,,,,,,,,0.7,,,,,,,,,,,,,,,,,,,,,,,,,1.13,,
Togo,,,,,,,,,,,,,,,,,,,,,,,,,,,,,,,,,,,,,,,,,,,,,,,,,,,,,,,,,,,,4.23,,,,,1.98,,,,2.2,,3.74,,,
Thailand,,,,,,,,,,,,,,,,,,,,,,,,,0.19,0.51,0.43,0.47,0.45,0.6,0.9,0.75,0.92,0.93,1.26,2.66,2.9,2.9,4.93,3.5,5.77,3.04,1.39,2.21,2.63,1.35,1.49,1.35,1.1,1.07,0.87,3.4,2.97,2.39,2.6,1.82,1.54,1.51,1.35,1.22,1.18,1.18,1.49,0.62,0.66,0.58,0.25,0.58,0.6,0.69,0.83,0.77,0.72,1.1
Tajikistan,,,,,,,,,,,,,,,,,,,,,,,,,,,,,,,,,,,,,,,,,,,,,,0.4,1.2,1.7,2,2.6,2.7,3.2,3,2.7,2.3,2.5,2.4,2,2,2.2,2.5,,11.5,,,,,,,6.9,,,,
Turkmenistan,,,,,,,,,,,,,,,,,,,,,,,,,,,,,,,,,,,,,,,,,,,,,,,,,,,,,,,,,,,,,,,4,4,,,,,,,,,,
Timor-Leste,,,,,,,,,,,,,,,,,,,,,,,,,,,,,,,,,,,,,,,,,,,,,,,,,,,,,,,,,,,,,,,,3.3,,,11,,,4.66,,,,
Tonga,,,,,,,,,,,,,,,,,,,,,,,,,,,,,,,,,,,,,,,,,,,,4.16,,,1.3,,,,,,,,,,5.18,,,1.09,,,,,,,,,,,,3.07,,
Trinidad and Tobago,,,,,,,,,,,,,,,,,,,,,,,13.2,12.8,13,,15.4,15.2,15,,8.98,7.27,6.75,6.03,6.31,6.22,6.61,8.17,9.31,9.37,22.1,21.9,21.9,19.9,18.5,19.7,19.8,18.4,17.2,16.3,15,14.2,13.1,12.1,10.9,10.4,10.5,8.33,7.95,6.27,5.54,4.63,5.28,4.03,3.43,3.72,2.68,2.48,2.43,3.21,,,,
Tunisia,,,,,,,,,,,,,,,,,,,,,,,,,,,,,,,,,,,,,,,,,,,16.1,,,,,,,,15.9,,15.2,14.9,14.4,14.6,14.5,14.2,12.9,12.5,12.4,12.4,13.3,13.1,18.3,17.6,15.9,,15.2,15.6,15.3,15.5,15.1,
Turkey,,,,,,,,,,,,,,,,,,,,,,,,,,,,,,,,,,,,10.9,12.1,11.9,11.2,,,8.04,8.26,8.02,8.21,8.51,8.96,8.58,7.64,6.63,6.84,6.89,7.69,6.5,8.38,10.4,10.5,10.8,10.6,8.72,8.87,9.71,12.6,10.7,8.8,8.15,8.73,9.88,10.2,10.8,10.8,10.9,13.7,13.1
Tuvalu,,,,,,,,,,,,,,,,,,,,,,,,,,,,,,,,,,,,,,,,,,,,,,,,,,,,,,,,6.53,,,,,,,,,,,,,,8.49,,,,
Taiwan,,,,,,,,,,,,,,,,,,,,,,,,,,,,,,,,1.67,1.27,1.24,1.36,2.14,2.71,2.44,2.9,2.66,1.97,1.69,1.56,1.66,1.51,1.52,1.45,1.56,1.79,2.6,2.72,2.69,2.93,2.98,4.58,5.17,4.99,4.43,4.13,3.91,3.91,4.15,5.85,5.21,4.38,4.24,4.18,3.96,3.78,3.91,3.76,3.71,3.73,3.84
Tanzania,,,,,,,,,,,,,,,,,,,,,,,,,,,,,,,,,,,,,,,,,,,,,3.6,,,,,,,,,,2.99,3.6,,,,3.3,,,2.5,,3.47,0.29,2.93,2.12,,,,,,
Uganda,,,,,,,,,,,,,,,,,,,,,,,,,,,,,,,,,,,,,,,,,,,,,0.94,0.92,,,,,,,,,,3.5,3.6,,1.9,,,,3.6,,,3.55,1.91,,,,10.1,,,
Ukraine,,,,,,,,,,,,,,,,,,,,,,,,,,,,,,,,,,,,,,,,,,,,,,,,,5.62,7.65,8.93,11.3,11.9,11.7,11.1,10.1,9.06,8.59,7.18,6.81,6.35,6.36,8.84,8.1,7.85,7.53,7.17,9.27,9.14,9.35,9.5,8.8,8.19,9.48
Uruguay,,,,,,,,,,,,,,,,,,,,,,,,7.5,7.6,7.7,8.9,8.1,,,,,,7.3,6.6,11.7,,9.94,,10.7,9.1,,,8.53,8.95,8.96,8.35,9.04,10,11.9,11.4,9.36,10.5,12.6,15.1,16.6,16.7,13,12,10.8,9.4,8.03,7.74,7.16,6.31,6.45,6.44,6.55,7.49,7.84,7.89,8.34,8.88,10.5
United States,3.9,3.8,5.9,5.3,3.3,3,2.9,5.5,4.4,4.1,4.3,6.8,5.5,5.5,6.7,5.5,5.7,5.2,4.5,3.8,3.8,3.6,3.5,4.9,5.9,5.6,4.9,5.6,8.5,7.7,7.1,6.1,5.8,7.1,7.6,9.7,9.6,7.5,7.2,7,6.2,5.5,5.3,5.6,6.8,7.5,6.9,6.12,5.65,5.45,5,4.51,4.22,3.99,4.73,5.78,5.99,5.53,5.08,4.62,4.62,5.78,9.25,9.63,8.95,8.07,7.37,6.17,5.28,4.87,4.36,3.9,3.67,8.05
Uzbekistan,,,,,,,,,,,,,,,,,,,,,,,,,,,,,,,,,,,,,,,,,,,,,,0.2,0.4,0.4,0.4,,,,,0.4,0.4,0.4,0.3,0.4,0.3,0.2,4.99,4.89,5,5.4,5,4.9,4.9,5.1,5.2,5.2,5.8,9.3,9,
St. Vincent and the Grenadines,,,,,,,,,,,,,,,,,,,,,,,,,,,,,,,,,,23.5,,,,,,,,,,,19.8,,,,,,,,,,21.1,,,,,,,18.8,,,,,,,,,,,,
Venezuela,,,,,,,,,,,,,,,,,,,,,,,,,,,,,7.01,6.34,5.11,4.98,5.81,5.89,7,8.05,11.5,12.9,13.2,10.9,9.1,7.28,9.74,14,,,,8.56,10.2,11.8,,,,,8.83,16.2,16.8,,10.7,8.61,7.28,6.25,6.1,7.11,6.9,6.6,,,,5.32,5.05,,,
British Virgin Islands,,,,,,,,,,,,,,,,,,,,,,,,,,,,,,,,,,,,,,,,,,,,,3.29,,,,,,,,,,,,,,,,,,,,,,,,,,,,,
Vietnam,,,,,,,,,,,,,,,,,,,,,,,,,,,,,,,,,,,,,,,,,,,,,,,,,,1.93,2.87,2.29,2.33,2.26,2.76,2.12,2.25,2.14,,,2.03,,1.74,1.11,1,1.03,1.32,1.26,1.85,1.85,1.87,1.16,2.04,2.39
Vanuatu,,,,,,,,,,,,,,,,,,,,,,,,,,,,,,,,,,,,,,,,,,,,,,,,,,,,,,,,,,,,8.01,,,4.56,1.85,,,,,,,,,7.94,
Wallis et Futuna,,,,,,,,,,,,,,,,,,,,,,,,,,,,,,,,,,,,,,,,,,,,,,,,,,,,,,,,,,,,,,,,,,,56.3,,,,,,,
Samoa,,,,,,,,,,,,,,,,,,,,,,,,,,,,,,,,,,,,,,,,,,,,,2.1,,,,,,,,,,4.96,,,,,1.29,,,,,5.68,8.75,,8.72,,,14.5,,,
Yemen,,,,,,,,,,,,,,,,,,,,,,,,,,,,,,,,,,,,,,,,,,,,,,,,8.34,,,,,11.5,,,,,16.2,16.1,15.7,15.3,15,14.6,17.8,,,,13.5,,,,,,
South Africa,,,,,,,,,,,,,,,,,,,,,,,,,,,,,,,,,,,,,,,,,,,,,,,,,,,,25,25.4,29.9,30.7,33.3,32.3,29.4,29.1,28.3,26.5,22.4,23.5,24.7,24.6,24.7,24.6,24.9,25.1,26.5,27,26.9,28.5,29.2
Zambia,,,,,,,,,,,,,,,,,,,,,,,,,,,,,,,,,,,,,,,,13,,,,15,18.9,,19.7,,,15.3,,12,,12.9,,,,,15.9,,,7.93,,13.2,,7.85,,,,,11.6,12,12.5,
Zimbabwe,,,,,,,,,,,,,,,,,,,,,,,,,,,,,,,,,,,,10.8,,,,,7.18,,,,,,,4.96,,,6.93,,6,,,,,4.39,,,,,,,5.37,,,4.77,,,,,16.9,
